slug,productName,primaryProductId,primaryProductName,go4cardProductId,go4cardProductName,confidence
"1star-chat","1Star Chat","463","1Star Chat","452","1star chat","1"
"4fun","4Fun","47","4Fun","73","4Fun","1"
"allo","Allo","76","Allo","152","Allo","1"
"amo-chat","Amo Chat","385","Amo Chat","180","Amo Chat","1"
"asha-live","Asha Live","386","Asha Live","174","Asha Live","1"
"ayome","Ayome","74","Ayome","66","Ayome","1"
"azal","Azal","58","Azal","88","Azal","1"
"baat-live","Baat Live","781","Baat Live","616","baat live","1"
"beela","Beela","52","Beela","870","beela","1"
"boli","Boli","583","Boli","617","boli","1"
"carni-live","Carni Live","449","Carni Live","96","Carni live","1"
"chillchat","ChillChat","687","ChillChat","542","chillchat","1"
"dika-live","Dika Live","768","Dika Live","396","dika live","1"
"fofo-chat","Fofo Chat","411","Fofo Chat","181","Fofo Chat","1"
"fomi-party","FOMI PARTY","767","FOMI PARTY","161","fomi party","1"
"fun-up","Fun Up","514","Fun Up","624","fun up","1"
"gamet-live","Gamet Live","440","Gamet Live","201","Gamet Live","1"
"gimme","Gimme","41","Gimme","83","Gimme","1"
"hago","Hago","472","Hago","521","hago","1"
"halo-star","Halo star","587","Halo star","563","halo star","1"
"hami-party","Hami Party","380","Hami Party","163","Hami Party","1"
"hart-live","Hart live","654","Hart live","397","hart live","1"
"hati","Hati","588","Hati","611","hati","1"
"hayuki","Hayuki","492","Hayuki","560","hayuki","1"
"hi-party","Hi Party","381","Hi Party","159","Hi Party","1"
"higo-chat","Higo Chat","378","Higo Chat","189","Higo Chat","1"
"honey-jar","Honey Jar","66","Honey Jar","84","Honey Jar","1"
"hopi-star","Hopi Star","678","Hopi Star","270","hopi star","1"
"infun","Infun","680","Infun","549","infun","1"
"junko","junko","403","junko","63","Junko","1"
"karak-chat","KARAK CHAT","766","KARAK CHAT","399","karak chat","1"
"kwai","Kwai","56","Kwai","128","Kwai","1"
"laki-chat","Laki Chat","489","Laki Chat","562","laki chat","1"
"layla","Layla","29","Layla","155","Layla","1"
"light-chat","Light Chat","78","Light Chat","111","Light Chat","1"
"likee","Likee","11","Likee","47","Likee","1"
"matemet","MateMet","686","MateMet","540","MateMet","1"
"moli-star","Moli Star","479","Moli Star","76","Moli Star","1"
"nahki","Nahki","581","Nahki","573","nahki","1"
"nawa-live","Nawa Live","446","Nawa Live","188","Nawa Live","1"
"olamet","Olamet","60","Olamet","184","Olamet","1"
"party-star","Party Star","18","Party Star","58","Party Star","1"
"pawa-live","Pawa Live","435","Pawa Live","194","pawa live","1"
"perfect-money","Perfect Money","238","Perfect Money","236","Perfect Money","1"
"pk-star","PK Star","619","PK Star","148","PK star","1"
"poppo-live","Poppo Live","17","Poppo Live","61","Poppo live","1"
"pota-live","Pota live","511","Pota live","112","pota live","1"
"psn-uae","PSN UAE 100$","284","PSN UAE 100$","679","psn uae 100$","1"
"psn-uae","PSN UAE 50$","283","PSN UAE 50$","678","psn uae 50$","1"
"psn-uae","PSN UAE 20$","282","PSN UAE 20$","677","psn uae 20$","1"
"psn-uae","PSN UAE 10$","281","PSN UAE 10$","676","psn uae 10$","1"
"psn-usa","PSN USA 50$","275","PSN USA 50$","680","psn usa 50$","1"
"psn-usa","PSN USA 25$","274","PSN USA 25$","149","PSN USA 25$","1"
"psn-usa","PSN USA 10$","273","PSN USA 10$","147","PSN USA 10$","1"
"sama-chat","Sama Chat","432","Sama Chat","186","Sama Chat","1"
"sawalfna","Sawalfna","484","Sawalfna","467","sawalfna","1"
"soul-star","Soul Star","379","Soul Star","179","soul Star","1"
"soyo","Soyo","49","Soyo","137","Soyo","1"
"steam-usa","STEAM USA 20","634","STEAM USA 20","655","steam usa 20$","1"
"steam-usa","STEAM USA 10","633","STEAM USA 10","653","steam usa 10$","1"
"sugo","Sugo","27","Sugo","65","Sugo","1"
"sugo-tr","SUGO TR","487","SUGO TR","584","sugo tr","1"
"super-live","Super Live","68","Super Live","91","Super Live","1"
"tango","Tango","26","Tango","173","Tango","1"
"tomohi","Tomohi","677","Tomohi","308","TOMOHI","1"
"up-fun","Up Fun","486","Up Fun","570","up fun","1"
"vova","Vova","522","Vova","648","vova","1"
"waaw-chat","Waaw Chat","523","Waaw Chat","571","waaw chat","1"
"wadi-chat","WADI CHAT","693","WADI CHAT","871","wadi chat","1"
"waho","Waho","53","Waho","109","Waho","1"
"waki-star","Waki Star","439","Waki Star","203","waki star","1"
"wasla-chat","Wasla Chat","405","Wasla Chat","176","Wasla Chat","1"
"wego","Wego","35","Wego","75","Wego","1"
"westar","Westar","525","Westar","166","westar","1"
"yaahlan","Yaahlan","28","Yaahlan","62","Yaahlan","1"
"yami-star","Yami Star","412","Yami Star","193","Yami Star","1"
"yaza","Yaza","477","Yaza","395","yaza","1"
"yo2","YO2","714","YO2","339","yo2","1"
"yoho","Yoho","45","Yoho","138","yoho","1"
"yohoo-star","Yohoo star","586","Yohoo star","526","yohoo star","1"
"yoyo","Yoyo","42","Yoyo","69","Yoyo","1"
"zaar","Zaar","625","Zaar","556","ِzaar","1"
"4fun","Daily Sim - 4fun","556","Daily Sim - 4fun","73","4Fun","0.93"
"ahlan","Ahlan","46","Ahlan","520","ahlan chat","0.93"
"amar-chat","Amar chat","347","Amar chat","43","Amar","0.93"
"bigo","Bigo","37","Bigo","57","Bigo Live","0.93"
"binmo","Binmo","43","Binmo","116","Binmo Chat","0.93"
"bobo","Bobo","84","Bobo","146","Bobo Chat","0.93"
"chamet-live","Chamet Live","350","Chamet Live","77","Chamet","0.93"
"cloz","Cloz","617","Cloz","544","cloz chat","0.93"
"cocco","Cocco","30","Cocco","68","Cocco Live2","0.93"
"dana-chat","Dana Chat","434","Dana Chat","185","Dana","0.93"
"dawa","Dawa","684","Dawa","175","dawa chat","0.93"
"dimo","Dimo","39","Dimo","72","Wanasa (Dimo)","0.93"
"ditto","Ditto","36","Ditto","630","Ditto Chat","0.93"
"doli-live","DOLI LIVE","672","DOLI LIVE","554","doli","0.93"
"fancy","Fancy","85","Fancy","120","Fancy Live","0.93"
"gold","RAZER GOLD 100$ GLOBAL","303","RAZER GOLD 100$ GLOBAL","862","razer gold 1$","0.93"
"gold","RAZER GOLD 50$ GLOBAL","302","RAZER GOLD 50$ GLOBAL","864","razer gold 5$","0.93"
"gold","RAZER GOLD 20$ GLOBAL","301","RAZER GOLD 20$ GLOBAL","863","razer gold 2$","0.93"
"gold","RAZER GOLD 10$ GLOBAL","300","RAZER GOLD 10$ GLOBAL","862","razer gold 1$","0.93"
"habi-chat","Habi Chat","346","Habi Chat","178","Habi","0.93"
"haki","Haki","59","Haki","85","Haki Chat","0.93"
"hawa","Hawa","69","Hawa","104","Hawa Chat","0.93"
"hiya","Hiya","51","Hiya","90","Hiya chat","0.93"
"hoby-chat","Hoby Chat","344","Hoby Chat","165","Hoby","0.93"
"ifun","Ifun","32","Ifun","619","Ifun Chat","0.93"
"imo-coins","imo 100 Coins","124","imo 100 Coins","195","Imo 100","0.93"
"itunes-us","ITUNES 5$ US","290","ITUNES 5$ US","471","itunes 5$","0.93"
"jawaker-unit","Jawaker Unit","91","Jawaker Unit","2","Jawaker","0.93"
"joyo-live","Joyo Live","517","Joyo Live","580","joyo","0.93"
"kiti","Kiti","491","Kiti","646","kiti live","0.93"
"kiyo","Kiyo","71","Kiyo","78","Kiyo Live","0.93"
"lama","Lama","70","Lama","103","Lama Chat","0.93"
"layam-chat","Layam Chat","413","Layam Chat","183","Layam","0.93"
"ligo","Ligo","64","Ligo","102","Ligo live","0.93"
"lions-chat","Lions chat","349","Lions chat","167","Lions","0.93"
"lklk","Lklk","585","Lklk","126","LkLk chat","0.93"
"majlis","Majlis/مجلس","377","Majlis/مجلس","187","Majlis","0.93"
"maza-chat","Maza Chat","512","Maza Chat","602","maza","0.93"
"mazag","Mazag","618","Mazag","602","maza","0.93"
"mico-live","Mico Live","57","Mico Live","71","Mico","0.93"
"migo","Migo","67","Migo","86","Migo Live","0.93"
"mtn","MTN 7200","733","MTN 7200","744","MtN","0.93"
"mtn","MTN 6000","732","MTN 6000","744","MtN","0.93"
"mtn","MTN 5000","731","MTN 5000","744","MtN","0.93"
"mtn","MTN 4500","730","MTN 4500","744","MtN","0.93"
"mtn","MTN 3500","729","MTN 3500","744","MtN","0.93"
"mtn","MTN3000","728","MTN3000","744","MtN","0.93"
"mtn","MTN 2500","727","MTN 2500","744","MtN","0.93"
"mtn","MTN 2000","726","MTN 2000","744","MtN","0.93"
"mtn","MTN 1000","725","MTN 1000","744","MtN","0.93"
"mtn","MTN 700","724","MTN 700","744","MtN","0.93"
"mtn","MTN 600","723","MTN 600","744","MtN","0.93"
"mtn","MTN 500","722","MTN 500","744","MtN","0.93"
"mtn","MTN 400","721","MTN 400","744","MtN","0.93"
"mtn","MTN 300","720","MTN 300","744","MtN","0.93"
"mtn","MTN 280","719","MTN 280","744","MtN","0.93"
"mtn","MTN 260","718","MTN 260","744","MtN","0.93"
"mtn","MTN 230","717","MTN 230","744","MtN","0.93"
"mtn","MTN 200","716","MTN 200","744","MtN","0.93"
"mtn","MTN 190","715","MTN 190","744","MtN","0.93"
"mtn","MTN 170","401","MTN 170","744","MtN","0.93"
"mtn","MTN 110","399","MTN 110","744","MtN","0.93"
"mtn","MTN 100","398","MTN 100","744","MtN","0.93"
"mtn","MTN 90","397","MTN 90","744","MtN","0.93"
"mtn","85 MTN","230","85 MTN","744","MtN","0.93"
"mtn","70 MTN","229","70 MTN","744","MtN","0.93"
"mtn","60 MTN","228","60 MTN","744","MtN","0.93"
"mtn","50 MTN","226","50 MTN","744","MtN","0.93"
"oohla","Oohla","48","Oohla","522","oohla live","0.93"
"psn-usa","PSN USA 100$","276","PSN USA 100$","147","PSN USA 10$","0.93"
"roka-live","Roka Live","691","Roka Live","156","Roka","0.93"
"rooh","Rooh","685","Rooh","150","rooh Chat","0.93"
"saada-chat","Saada Chat","437","Saada Chat","171","saada","0.93"
"sahra-chat","Sahra Chat","488","Sahra Chat","588","sahra","0.93"
"sala-live","Sala Live","519","Sala Live","651","sala","0.93"
"salam","Salam","87","Salam","105","Salam Chat","0.93"
"saya-likee","Saya Likee","495","Saya Likee","47","Likee","0.93"
"sodfa-chat","Sodfa Chat","438","Sodfa Chat","118","sodfa","0.93"
"star-maker-unit","Star Maker unit","351","Star Maker unit","191","Star Maker","0.93"
"syriatel","syriatel 951.92","754","syriatel 951.92","788","Syriatel","0.93"
"syriatel","syriatel 769.23","753","syriatel 769.23","788","Syriatel","0.93"
"syriatel","syriatel 721.15","752","syriatel 721.15","788","Syriatel","0.93"
"syriatel","syriatel 625","751","syriatel 625","788","Syriatel","0.93"
"syriatel","syriatel 576.92","750","syriatel 576.92","788","Syriatel","0.93"
"syriatel","syriatel 432.69","748","syriatel 432.69","788","Syriatel","0.93"
"syriatel","syriatel 370.19","747","syriatel 370.19","788","Syriatel","0.93"
"syriatel","syriatel 288.46","745","syriatel 288.46","788","Syriatel","0.93"
"syriatel","syriatel 240.38","744","syriatel 240.38","788","Syriatel","0.93"
"syriatel","syriatel 183.65","741","syriatel 183.65","788","Syriatel","0.93"
"syriatel","syriatel 163.46","739","syriatel 163.46","788","Syriatel","0.93"
"syriatel","syriatel 144.23","737","syriatel 144.23","788","Syriatel","0.93"
"syriatel","syriatel 125","735","syriatel 125","788","Syriatel","0.93"
"syriatel","100.96  syriatel","516","100.96  syriatel","788","Syriatel","0.93"
"syriatel","96.15 syriatel","515","96.15 syriatel","788","Syriatel","0.93"
"syriatel","81.73  Syriatel","224","81.73  Syriatel","788","Syriatel","0.93"
"syriatel","77.88 Syriatel","223","77.88 Syriatel","788","Syriatel","0.93"
"syriatel","115.38 Syriatel","221","115.38 Syriatel","788","Syriatel","0.93"
"syriatel","62.5 Syriatel","219","62.5 Syriatel","788","Syriatel","0.93"
"syriatel","52.88 Syriatel","218","52.88 Syriatel","788","Syriatel","0.93"
"tada","Tada","54","Tada","134","Tada Chat","0.93"
"taka","Taka","65","Taka","130","Taka Chat","0.93"
"tami","Tami","33","Tami","557","tami 2","0.93"
"tango","Daily Sim - tango","548","Daily Sim - tango","173","Tango","0.93"
"tayyb-chat","Tayyb Chat","689","Tayyb Chat","428","Tayyb","0.93"
"tumile-coins","tumile 360 coins","193","tumile 360 coins","319","Tumile 360","0.93"
"vilaa","Vilaa","620","Vilaa","631","vilaa chat","0.93"
"whiteout-survival-d","Whiteout Survival 99 D","666","Whiteout Survival 99 D","527","Whiteout Survival 99","0.93"
"wyak","Wyak","72","Wyak","341","wyak lite","0.93"
"xena","Xena","24","Xena","70","Xena Live","0.93"
"yoki","Yoki","679","Yoki","543","Yoki Chat","0.93"
"yooy","Yooy","38","Yooy","154","Yooy Chat","0.93"
"yoppo-chat","Yoppo Chat","690","Yoppo Chat","524","yoppo","0.93"
"yudo-chat","Yudo Chat","460","Yudo Chat","451","yudo","0.93"
"diamond","Yalla Ludo 55800 Diamond","135","Yalla Ludo 55800 Diamond","258","Yalla Ludo Diamond 55800","0.9"
"diamond","Yalla Ludo 27640 Diamond","134","Yalla Ludo 27640 Diamond","257","Yalla Ludo Diamond 27640","0.9"
"diamond","Yalla Ludo 13580 Diamond","133","Yalla Ludo 13580 Diamond","256","Yalla Ludo Diamond 13580","0.9"
"diamond","Yalla Ludo 5150 Diamond","132","Yalla Ludo 5150 Diamond","255","Yalla Ludo Diamond 5150","0.9"
"diamond","Yalla Ludo 2320 Diamond","131","Yalla Ludo 2320 Diamond","254","Yalla Ludo Diamond 2320","0.9"